AY,Term,Dept,CourseID,Course,Instructor,A,A-,B,B-,B+,C,C-,C+,D,I,P,Grand Total
16-17,S1,English,ENG101,Literary Explorations I,1001,6,15,10,2,5,1,,,,,,39
,,,,,1002,1,2,13,3,1,,,,,,,20
,,,,,1003,7,14,12,5,2,3,,,1,,,44
,,,,,1004,5,18,7,,6,2,1,,,,,39
,,,,,1005,4,11,12,3,10,1,,,,,,41
,,,,,1006,3,12,9,2,9,1,,,,,,36
,,,ENG201,Literary Explorations III,1007,9,13,11,8,2,2,1,,,,,46
,,,,,1008,5,9,6,2,12,1,1,,,,,36
,,,,,1009,4,15,3,,18,,,1,,,,41
,,,,,1010,10,14,9,,10,,,1,,,,44
,,,,,1011,5,13,6,4,5,,,1,,,,34
,,,ENG315,Shakespeare,1012,8,35,,,6,,,,,,,49
,,,ENG341,Gender Studies,1013,2,7,7,4,4,,,,,,,24
,,,ENG351,Graphic Novels: Image and Text,1014,6,23,6,,12,1,,,,,,48
,,,ENG361,Tolkien: Language and Literature,1015,9,13,14,3,6,1,,,,,,46
,,,ENG502,The Idea of the Individual,1016,3,15,19,2,8,2,,,,,,49
,,FineArts,FAR100,Concert Band,1017,28,,,,,,,,,,,28
,,,FAR110,Wind Ensemble,1018,38,1,,,,,,1,,,,40
,,,FAR120,String Orchestra,1019,20,,,,,,,,,,,20
,,,FAR130,Chamber Strings,1020,23,2,,,,,,,,,,25
,,,FAR200,Concert Choir,1021,16,,1,,,,,,,,,17
,,,FAR210,Chamber Choir,1022,17,,,,,,,,,,,17
,,,FAR301,Music Theory,1023,11,3,1,,1,,,1,,,,17
,,,FAR402,Art and Design,1024,13,3,,,,,,,,,,16
,,,FAR435,Printmaking,1025,14,,1,,,,,,,,,15
,,HistorySS,HSS100,American Studies,1026,16,31,11,,10,1,,,,,,69
,,,,,1027,12,10,9,4,5,3,1,,2,,,46
,,,HSS201a,Ancient World Religion and Philosophy,1028,16,23,17,5,5,,,1,,,,67
,,,,,1029,14,14,6,,7,1,,1,1,,,44
,,,HSS201b,Conflict in World History,1030,11,15,7,4,,2,3,,,,,42
,,,HSS201e,History of Cultural Contact,1031,10,7,4,,3,,,,,,,24
,,,HSS201f,"Art, Worldview, and Society in History",1032,6,5,4,1,7,,,,,,,23
,,,HSS311,Political Theory,1033,15,18,3,,2,,,1,,,,39
,,,HSS336,"Rise of the Atlantic World, 1492-1815",1034,4,7,3,,2,,,1,,,,17
,,,HSS341,History of Astronomy,1035,7,13,3,3,13,,,1,,,,40
,,,HSS351,History of Philosophy,1036,7,15,6,2,16,,,2,,,,48
,,MathCS,CS100,Computer Science Inquiry,1037,19,12,6,4,3,,1,,,,,45
,,,,,1038,9,4,4,2,4,,,,,,,23
,,,,,1039,16,5,8,1,2,2,,1,,,,35
,,,CS125,Web Technologies I,1040,8,6,4,1,3,,,,,,,22
,,,CS205,Object Oriented Programming,1041,10,17,4,4,,,2,,,,,37
,,,,,1042,7,8,9,3,5,1,2,,2,,,37
,,,CS215,Robotics Programming,1043,6,5,2,,3,,,1,,,,17
,,,CS405,Computer Seminar,1044,3,8,2,,2,,1,,,,,16
,,,MAT101,Geometry I/II,1045,4,2,2,4,1,7,1,1,,,,22
,,,MAT110,Mathematical Investigations I/II,1046,,2,1,1,,2,1,1,3,,,11
,,,,,1047,1,,1,4,1,1,,2,,,,10
,,,MAT121,Mathematical Investigations II,1048,4,5,5,1,2,2,,1,,,,20
,,,,,1049,13,7,6,2,5,,1,3,,,,37
,,,,,1050,6,8,9,6,3,1,2,6,,,,41
,,,MAT131,Mathematical Investigations III,1051,9,4,6,3,3,2,,2,2,,,31
,,,,,1052,3,5,9,1,6,3,,3,,,,30
,,,MAT141,Mathematical Investigations IV,1053,15,10,4,4,6,2,,2,,,,43
,,,,,1054,4,8,10,5,7,3,1,4,2,,,44
,,,,,1055,12,4,4,8,5,4,3,3,1,,,44
,,,MAT211,AB Calculus I,1056,3,9,7,2,8,,1,3,,,,33
,,,MAT311,BC Calculus I,1057,17,9,2,,4,,,,,,,32
,,,,,1058,3,6,4,3,1,,,1,,,,18
,,,MAT321,BC Calculus II,1059,6,6,10,7,7,2,,3,,,,41
,,,,,1060,25,9,11,3,10,4,,2,2,,,66
,,,MAT331,BC Calculus III,1061,3,4,5,4,3,1,1,1,,,,22
,,,,,1062,4,5,2,4,3,3,3,1,,,,25
,,,MAT371,BC Calculus II/III,1063,8,5,2,1,5,,,,,,,21
,,,MAT411,Statistical Exploration and Description,1064,3,2,3,8,7,,,2,,,,25
,,,MAT421,Number Theory,1065,4,5,4,2,2,1,,,,,2,20
,,,,,1066,3,4,4,,4,,,,,,1,16
,,,MAT425,Problem Solving,1067,8,5,3,2,2,1,,,,,,21
,,,MAT441,Multi-Variable Calculus,1068,10,2,5,2,3,1,,1,,,,24
,,Science,SCI105,Scientific Inquiries - Chemistry,1069,16,4,8,3,,2,,2,,,,35
,,,,,1070,15,5,3,,3,5,1,2,1,,,35
,,,,,1071,7,7,11,6,,5,1,1,3,,,41
,,,SCI115,Scientific Inquiries - Physics,1072,5,1,3,,4,1,,1,,,,15
,,,,,1073,25,6,6,2,10,4,,2,,,,55
,,,,,1074,11,12,4,4,6,1,1,1,,,,40
,,,SCI125,Scientific Inquiries - Biology,1075,,4,5,2,1,6,2,,1,,,21
,,,,,1076,6,,5,3,1,7,,,1,,,23
,,,,,1077,5,3,2,2,3,2,,3,1,,,21
,,,,,1078,4,1,9,4,3,1,2,,,,,24
,,,,,1079,4,3,3,2,1,6,1,1,,,,21
,,,SCI135,Methods in Scientific Inquiry,1080,2,2,10,4,,1,,1,,,,20
,,,,,1081,6,10,11,5,6,3,1,4,,,,46
,,,,,1082,5,4,4,2,1,2,2,,,,,20
,,,,,1083,6,3,5,2,1,1,1,,,,,19
,,,SCI201,Adv. Chemistry--Structure and Properties,1084,17,16,7,1,5,6,2,1,,,,55
,,,,,1085,7,7,7,5,1,1,,3,1,,,32
,,,SCI215,Organic Chemistry I,1086,12,15,4,3,3,2,,,,,,39
,,,,,1087,4,14,7,6,1,4,,2,,,,38
,,,SCI235,Biochemistry,1088,7,7,7,4,2,2,1,2,,,,32
,,,SCI402,Physics: Sound and Light,1089,8,5,8,2,7,3,,,,,,33
,,,,,1090,13,2,1,1,3,,,,,,,20
,,,SCI411,Physics: Calculus-based Mechanics,1091,6,3,2,,3,2,1,1,,,,18
,,,,,1092,26,10,13,,5,1,,2,,,,57
,,,SCI425,Planetary Science,1093,5,5,4,,4,,,1,,,,19
,,,SCI445,Modern Physics,1094,6,6,10,7,6,1,,1,,,3,40
,,,SCI455,Engineering,1095,11,29,6,1,6,,,,,,,53
,,,SCI465,Biophysics,1096,7,2,7,1,,1,,,,,,18
,,,SCI605,"Evolution, Biodiversity, and Ecology",1097,14,8,7,2,4,2,,1,,,,38
,,,SCI615,Molecular and Cellular Biology,1098,5,6,3,3,2,,,,,,1,20
,,,,,1099,9,8,7,5,2,,,1,,,,32
,,,SCI625,Microbes and Disease,1100,2,3,7,3,1,2,1,,,,,19
,,,,,1101,,7,3,2,4,1,2,1,,,,20
,,,SCI635,Physiology and Disease,1102,4,11,5,3,1,2,1,,,,,27
,,,SCI646,Seminar in Biology: Virology,1103,20,8,1,,1,2,,,,,,32
,,Wellness,WEL105,Moving and Learning,1104,39,,8,,,1,,,,,,48
,,,,,1105,35,,11,,,3,,,,,,49
,,,WEL231,Outdoor and Indoor Games,1106,60,,5,,,,,,,,,65
,,,WEL312,Dance,1107,23,,6,,,2,,,,,,31
,,,WEL525,Movement and Relaxation,1108,16,,5,,,,,,,,,21
,,WldLang,WLG110,French I,1109,19,14,7,1,1,1,1,,1,,,45
,,,WLG120,French II,1110,15,11,8,2,3,,,,,,,39
,,,WLG130,French III,1111,23,9,3,1,2,,,,,,,38
,,,WLG140,French IV,1112,2,6,1,,2,,,,,,,11
,,,WLG150,French V,1113,9,3,,,,,,,,,,12
,,,WLG220,Spanish II,1114,8,9,,1,,,,,,,,18
,,,WLG230,Spanish III,1115,9,16,3,,4,,,,,,,32
,,,WLG240,Spanish IV,1116,15,27,6,1,4,,,,,,,53
,,,WLG250,Spanish V,1117,10,9,3,,1,,,,,,,23
,,,WLG310,German I,1118,12,8,3,,3,,,1,,,,27
,,,WLG320,German II,1119,9,10,8,1,2,,,,,,,30
,,,WLG330,German III,1120,8,12,1,,1,,,,,,,22
,,,WLG420,Japanese II,1121,6,10,2,2,2,1,,1,,,,24
,,,WLG430,Japanese III,1122,11,3,,1,,,,,,,,15
,,,WLG510,Russian I,1123,14,6,4,1,4,,,,,,,29
,,,WLG520,Russian II,1124,7,8,4,4,2,,,1,,,,26
,,,WLG530,Russian III,1125,3,10,,,3,,,,,,,16
,,,WLG610,Mandarin Chinese I,1126,9,4,7,1,1,,,,,,,22
,,,,,1127,15,17,6,2,2,1,,2,,,,45
,,,WLG620,Mandarin Chinese II,1128,8,16,6,2,3,,,,,,,35
,,,WLG630,Mandarin Chinese III,1129,6,10,8,,3,,,,,,2,29
,S2,English,ENG102,Literary Explorations II,1130,10,12,3,4,9,1,,3,,,,42
,,,,,1131,2,4,6,1,3,,,1,,,,17
,,,,,1132,9,9,8,6,7,,,1,,,,40
,,,,,1133,8,14,4,1,11,,1,1,,,,40
,,,,,1134,4,3,5,1,2,,,,,,,15
,,,,,1135,8,27,12,1,11,,,1,,,,60
,,,ENG212,Creative Writing Workshop,1136,8,20,5,2,12,,,,,,,47
,,,,,1137,7,7,4,,3,,,1,,,,22
,,,,,1138,12,24,5,,6,1,,,,,,48
,,,ENG242,Modern Theater,1139,1,8,18,1,6,,,,,,,34
,,,,,1140,8,26,5,,8,,,1,,,,48
,,,ENG301,Modern World Fiction,1141,10,19,11,1,4,,,,,,,45
,,,,,1142,4,7,8,,2,1,,,,,,22
,,,ENG351,Graphic Novels: Image and Text,1143,1,11,16,5,4,,,,,,1,38
,,,ENG365,Speculative Fiction Studies,1144,4,19,13,3,4,1,,1,,,,45
,,,,,1145,7,19,10,3,4,,,2,,,,45
,,,ENG512,Victorian Fiction,1146,3,5,9,2,3,,,,,,,22
,,FineArts,FAR100,Concert Band,1147,24,1,,,,,,,,,,25
,,,FAR110,Wind Ensemble,1148,37,1,,,1,,,,,,,39
,,,FAR120,String Orchestra,1149,17,,,,,,,,,,,17
,,,FAR130,Chamber Strings,1150,21,2,,,1,,,1,,,,25
,,,FAR200,Concert Choir,1151,11,1,1,1,,,,,,,,14
,,,FAR210,Chamber Choir,1152,16,,1,,,,,,,,,17
,,,FAR300,Music Appreciation,1153,20,1,3,2,2,,,1,,,,29
,,,FAR402,Art and Design,1154,28,,1,,1,,,,,,,30
,,,FAR435,Printmaking,1155,24,4,,1,1,,,,,,,30
,,HistorySS,HSS100,American Studies,1156,11,27,9,3,4,,,3,,,,57
,,,,,1157,8,12,8,6,6,4,,,1,,,45
,,,HSS202,The World in the Twentieth Century,1158,19,14,1,1,10,1,1,,,,,47
,,,,,1159,4,22,5,1,16,1,,1,,,,50
,,,,,1160,34,37,6,1,,1,3,1,1,,,84
,,,,,1161,6,4,3,1,1,,,,,,,15
,,,HSS307,Topics in Current Affairs,1162,20,18,4,,4,,,,,,,46
,,,HSS342,History of Biology,1163,3,18,7,4,21,,,1,,,,54
,,,HSS352,History of Technology and Culture,1164,6,14,3,,1,,,,,,,24
,,,HSS361,US Government and the Constitution,1165,6,6,6,3,2,,,,,,,23
,,MathCS,CS100,Computer Science Inquiry,1166,17,6,3,2,3,,,,,,,31
,,,,,1167,7,15,6,3,5,3,1,2,,,,42
,,,,,1168,25,7,3,,3,,,,,,,38
,,,CS105,Computational Thinking,1169,5,5,2,,1,,,,,,,13
,,,CS125,Web Technologies I,1170,14,4,2,1,1,,,,,,,22
,,,CS205,Object Oriented Programming,1171,6,7,5,1,1,1,,1,,,,22
,,,CS235,Web Technologies,1172,,2,5,2,2,,,,,,,11
,,,CS305,Advanced Programming,1173,16,3,2,1,,,,,,,,22
,,,,,1174,3,1,3,2,3,,,,,,1,13
,,,MAT122,Mathematical Investigations II,1175,3,2,2,3,1,2,,,,,,13
,,,MAT132,Mathematical Investigations III,1176,13,8,7,3,3,3,1,3,1,,,42
,,,,,1177,6,5,16,8,6,9,2,6,3,,,61
,,,MAT142,Mathematical Investigations IV,1178,6,3,6,5,4,3,1,2,1,,,31
,,,,,1179,8,2,6,2,6,2,1,3,1,,,31
,,,MAT222,AB Calculus II,1180,7,10,7,6,2,1,,1,,,,34
,,,MAT312,BC Calculus I,1181,1,4,7,6,6,5,1,3,1,,,34
,,,,,1182,1,11,9,6,6,3,,2,,,,38
,,,,,1183,3,2,6,3,2,1,1,2,1,,,21
,,,MAT322,BC Calculus II,1184,5,1,3,1,2,,,,,,,12
,,,,,1185,21,8,2,2,5,,,,,,,38
,,,MAT332,BC Calculus III,1186,2,7,11,5,5,3,1,3,,,,37
,,,,,1187,26,17,10,3,5,4,,1,,,,66
,,,MAT362,BC Calculus I/II,1188,8,9,1,,2,,,,,,,20
,,,MAT407,Modern Geometries,1189,16,4,1,,,,,,,,,21
,,,MAT412,Statistical Experimentation & Inference,1190,1,2,4,3,3,,1,,,,1,15
,,,MAT435,Discrete Mathematics,1191,10,2,14,1,6,5,2,2,,,,42
,,,,,1192,7,2,6,,1,1,3,1,,,,21
,,,MAT442,Multi-Variable Calculus,1193,12,15,5,6,2,,1,,,,1,42
,,,MAT452,Differential Equations,1194,3,4,8,1,4,,,2,,,,22
,,,MAT462,Introduction to Algebraic Structures I,1195,2,3,6,4,4,1,,1,,,,21
,,Science,SCI105,Scientific Inquiries - Chemistry,1196,9,11,5,4,1,,1,2,,,,33
,,,,,1197,3,5,5,1,2,1,,1,1,,,19
,,,,,1198,9,10,4,4,2,6,3,4,2,,,44
,,,SCI115,Scientific Inquiries - Physics,1199,7,7,4,,2,1,,,,,,21
,,,,,1200,12,9,10,1,1,,1,,,,,34
,,,,,1201,12,13,7,3,4,,1,2,,,,42
,,,SCI125,Scientific Inquiries - Biology,1202,5,4,4,2,1,,,1,1,,,18
,,,,,1203,7,11,10,4,4,,,1,,,,37
,,,,,1204,2,3,3,2,2,2,1,1,,,,16
,,,,,1205,8,11,9,6,2,5,1,,,,,42
,,,SCI135,Methods in Scientific Inquiry,1206,5,8,2,1,1,1,,,,,,18
,,,,,1207,9,5,3,2,3,,,,,,,22
,,,,,1208,9,5,2,2,,,,,,,,18
,,,,,1209,5,5,2,2,2,1,,,,,,17
,,,,,1210,12,10,8,1,2,2,,2,,,,37
,,,SCI202,Advanced Chemistry--Chemical Reactions,1211,5,6,5,1,2,4,1,1,,,,25
,,,,,1212,8,15,11,6,2,5,3,2,,,1,53
,,,SCI222,Organic Chemistry II,1213,7,13,8,4,4,1,,,,,,37
,,,,,1214,3,3,9,5,3,5,1,,,,,29
,,,SCI235,Biochemistry,1215,9,11,8,2,2,2,1,4,,,,39
,,,SCI245,Environmental Chemistry,1216,11,11,8,,5,1,2,,,,,38
,,,SCI402,Physics: Sound and Light,1217,4,3,10,3,9,2,,3,,,2,36
,,,SCI412,Physics: Calculus-based Elec & Magnetism,1218,11,2,5,,1,4,,1,,,1,25
,,,,,1219,11,7,9,3,1,,,,,,,31
,,,SCI425,Planetary Science,1220,11,10,8,1,5,2,,,,,,37
,,,SCI445,Modern Physics,1221,12,8,10,,10,,,,,,,40
,,,SCI455,Engineering,1222,5,12,7,2,7,1,,1,,,,35
,,,SCI505,Computational Science,1223,7,7,9,1,7,3,,3,,,4,41
,,,SCI615,Molecular and Cellular Biology,1224,4,5,1,,4,,1,,1,,1,17
,,,,,1225,6,4,5,2,,,,1,,,,18
,,,,,1226,2,6,4,2,2,1,,,,,1,18
,,,SCI625,Microbes and Disease,1227,2,5,6,1,3,1,1,,,,,19
,,,,,1228,5,10,11,5,3,3,,,,,,37
,,,SCI635,Physiology and Disease,1229,13,13,13,1,6,3,,3,,,,52
,,Wellness,WEL105,Moving and Learning,1230,34,,11,,,1,,,,,,46
,,,,,1231,63,,10,,,,,,,,,73
,,,WEL231,Outdoor and Indoor Games,1232,47,,10,,,,,,,,,57
,,,WEL525,Movement and Relaxation,1233,23,,5,,,,,,,,,28
,,WldLang,WLG110,French I,1234,18,12,8,1,3,1,,,,,,43
,,,WLG120,French II,1235,23,9,2,,5,,,,,,,39
,,,WLG130,French III,1236,24,10,4,,,,,,,,,38
,,,WLG140,French IV,1237,2,4,3,,2,,,,,,,11
,,,WLG150,French V,1238,5,1,2,1,,,,1,,,,10
,,,WLG220,Spanish II,1239,3,12,2,,1,,,,,,,18
,,,WLG230,Spanish III,1240,10,9,6,1,4,,,,,,,30
,,,WLG240,Spanish IV,1241,11,26,6,1,9,,,,,,,53
,,,WLG250,Spanish V,1242,6,7,4,3,3,,,,,,,23
,,,WLG310,German I,1243,10,6,5,2,3,1,,,,,,27
,,,WLG320,German II,1244,7,8,6,5,3,1,,,,,,30
,,,WLG330,German III,1245,5,10,4,1,2,,,,,,,22
,,,WLG420,Japanese II,1246,11,6,2,1,2,,,1,,,,23
,,,WLG430,Japanese III,1247,8,4,,1,1,,,,,,,14
,,,WLG510,Russian I,1248,10,11,5,,2,,,,,,,28
,,,WLG520,Russian II,1249,4,10,2,1,6,,,1,,,,24
,,,WLG530,Russian III,1250,3,7,1,,5,,,,,,,16
,,,WLG610,Mandarin Chinese I,1251,6,6,5,1,1,,,,,,,19
,,,,,1252,20,13,5,2,4,2,,,,,,46
,,,WLG620,Mandarin Chinese II,1253,11,15,6,1,,2,,,,,,35
,,,WLG630,Mandarin Chinese III,1254,8,13,3,1,3,,,,,,1,29
17-18,S1,English,ENG101,Literary Explorations I,1255,7,11,11,,12,1,,,,,,42
,,,,,1256,5,24,6,2,8,,,,,,,45
,,,,,1257,2,5,7,1,4,,,,,,,19
,,,,,1258,8,7,3,,5,,,,,,,23
,,,,,1259,4,14,3,2,1,,,,,,,24
,,,,,1260,6,12,14,,11,,,1,,,,44
,,,,,1261,9,18,7,2,8,,,,,,,44
,,,ENG201,Literary Explorations III,1262,9,7,13,1,7,2,,,1,,,40
,,,,,1263,4,18,5,3,12,,,2,1,,,45
,,,,,1264,1,4,7,2,2,,,2,1,,,19
,,,,,1265,6,12,4,1,1,,,,,,,24
,,,,,1266,6,16,3,1,6,,,2,,,,34
,,,,,1267,9,12,10,3,5,,,,,,,39
,,,ENG315,Shakespeare,1268,13,27,2,,2,,,,,,,44
,,,ENG341,Gender Studies,1269,4,8,9,,2,,,,,,,23
,,,,,1270,5,11,6,,1,,,1,,,,24
,,,ENG361,Tolkien: Language and Literature,1271,17,12,9,2,4,,,,1,,,45
,,,ENG371,African American Studies (English focus),1272,4,5,6,1,3,,,,,,,19
,,,ENG502,The Idea of the Individual,1273,3,21,5,1,6,3,,1,,,1,41
,,FineArts,FAR100,Concert Band,1274,33,,,,,,,,,,,33
,,,FAR110,Wind Ensemble,1275,45,2,,,,,,,,,,47
,,,FAR120,String Orchestra,1276,26,,,,,,,,,,,26
,,,FAR130,Chamber Strings,1277,23,,,,,,,,,,,23
,,,FAR200,Concert Choir,1278,13,1,,,,,,,,,,14
,,,FAR210,Chamber Choir,1279,20,,,,,,,,,,,20
,,,FAR301,Music Theory,1280,10,4,,,,,,,,,,14
,,,FAR411,Observational Drawing,1281,26,,,,,,,,,,,26
,,,FAR435,Printmaking,1282,26,1,,,,,,,,,,27
,,HistorySS,HSS100,American Studies,1283,14,12,8,,4,1,,,,,,39
,,,,,1284,6,12,17,5,16,,,2,,,,58
,,,,,1285,6,5,3,,1,,2,,,,,17
,,,HSS201a,Ancient World Religion and Philosophy,1286,5,9,3,1,4,,,1,,,,23
,,,,,1287,23,22,9,1,9,2,1,,,,,67
,,,HSS201b,Conflict in World History,1288,17,14,10,4,2,2,,1,,,,50
,,,HSS201e,History of Cultural Contact,1289,6,4,2,,2,1,1,,,,,16
,,,HSS201f,"Art, Worldview, and Society in History",1290,7,17,5,1,14,,,1,,,,45
,,,HSS311,Political Theory,1291,21,17,6,1,3,1,,,,,,49
,,,HSS336,"Rise of the Atlantic World, 1492-1815",1292,7,8,3,,5,1,,,,,,24
,,,HSS351,History of Philosophy,1293,9,16,8,,19,,1,1,,,,54
,,,HSS361,US Government and the Constitution,1294,5,7,5,3,1,,,,,,,21
,,,HSS371,African American Studies (History focus),1295,7,2,3,1,1,1,,,,,,15
,,,HSS391,Modern Genocide and Mass Violence,1296,17,23,4,1,2,,,,,,,47
,,MathCS,CS100,Computer Science Inquiry,1297,15,8,8,3,5,,,,,,,39
,,,,,1298,8,11,13,3,3,,,1,,,,39
,,,,,1299,26,9,1,,2,,,,,,,38
,,,CS205,Object Oriented Programming,1300,16,9,7,,1,1,1,,,,,35
,,,,,1301,6,17,11,4,,1,,,,,,39
,,,CS235,Web Technologies,1302,,6,2,1,,3,1,3,,,,16
,,,CS401,CS Seminar: Security and Android Apps,1303,3,5,7,1,1,,,1,,,,18
,,,MAT101,Geometry I/II,1304,6,2,3,1,1,2,,2,,,,17
,,,MAT110,Mathematical Investigations I/II,1305,,1,4,1,8,3,1,1,,,,19
,,,MAT121,Mathematical Investigations II,1306,3,1,5,3,5,1,,,,,,18
,,,,,1307,7,7,5,6,8,2,,2,,,,37
,,,,,1308,4,3,6,1,2,,1,1,1,,,19
,,,,,1309,13,6,11,2,5,,,1,,,,38
,,,MAT131,Mathematical Investigations III,1310,2,5,3,,1,2,,,2,,,15
,,,,,1311,4,4,1,2,,4,1,1,1,,,18
,,,,,1312,11,6,6,1,4,2,2,2,1,,,35
,,,MAT141,Mathematical Investigations IV,1313,14,11,7,5,3,1,,3,,,,44
,,,,,1314,9,7,12,3,3,4,3,3,1,,,45
,,,,,1315,16,10,3,4,6,,1,,,,,40
,,,MAT211,AB Calculus I,1316,3,5,14,2,8,1,,2,,,,35
,,,MAT311,BC Calculus I,1317,29,6,4,1,1,,,,,,,41
,,,MAT321,BC Calculus II,1318,7,4,15,,4,5,,1,,,,36
,,,,,1319,2,4,6,1,3,1,1,,,,,18
,,,,,1320,5,5,13,5,6,2,,4,,,,40
,,,MAT331,BC Calculus III,1321,2,2,3,2,4,1,,2,,,,16
,,,,,1322,12,7,2,3,2,,,1,,,,27
,,,MAT371,BC Calculus II/III,1323,9,6,2,,4,,,,,,,21
,,,MAT411,Statistical Exploration and Description,1324,1,3,5,1,1,,,,1,,,12
,,,MAT421,Number Theory,1325,31,2,1,1,2,,,,,,,37
,,,MAT441,Multi-Variable Calculus,1326,11,6,3,3,6,,1,,,,1,31
,,,MAT445,Theory of Analysis,1327,6,,1,,5,,,,,,,12
,,,MAT451,Differential Equations,1328,5,1,,,2,2,,,,,,10
,,Science,SCI105,Scientific Inquiries - Chemistry,1329,14,8,5,4,3,,,,,,,34
,,,,,1330,4,6,1,2,,,,2,,,,15
,,,,,1331,20,14,15,3,5,5,,2,,,,64
,,,SCI115,Scientific Inquiries - Physics,1332,29,9,13,5,2,2,1,,,,,61
,,,,,1333,22,13,6,4,11,3,1,,,,,60
,,,SCI125,Scientific Inquiries - Biology,1334,17,4,7,2,2,6,,3,,,,41
,,,,,1335,7,3,5,2,2,2,,,,,,21
,,,SCI135,Methods in Scientific Inquiry,1336,4,8,8,1,1,,,,,,,22
,,,,,1337,11,7,3,1,1,,,,,,,23
,,,,,1338,6,5,4,,4,1,1,1,,,,22
,,,,,1339,11,2,3,2,3,,,,,,,21
,,,,,1340,2,6,3,2,1,2,,1,,,,17
,,,,,1341,2,5,5,,8,1,,1,,,,22
,,,SCI201,Adv. Chemistry--Structure and Properties,1342,3,9,1,1,1,2,,,,,,17
,,,,,1343,11,15,5,3,1,2,,1,,,,38
,,,,,1344,16,14,7,3,,3,4,1,,,,48
,,,SCI215,Organic Chemistry I,1345,14,8,10,2,2,,,,1,,,37
,,,,,1346,3,7,6,1,1,1,1,,,,,20
,,,SCI235,Biochemistry,1347,11,5,4,4,1,,1,1,,,,27
,,,SCI402,Physics: Sound and Light,1348,8,4,9,4,1,4,,2,,,,32
,,,SCI411,Physics: Calculus-based Mechanics,1349,19,12,15,2,4,1,,,,,,53
,,,,,1350,2,6,3,,5,,,1,,,,17
,,,SCI425,Planetary Science,1351,2,3,4,1,2,,,,,,,12
,,,SCI445,Modern Physics,1352,5,8,14,4,7,2,,3,1,,,44
,,,SCI455,Engineering,1353,6,18,6,,4,1,,,,,,35
,,,SCI465,Biophysics,1354,3,5,3,3,3,1,,1,,,,19
,,,SCI605,"Evolution, Biodiversity, and Ecology",1355,10,5,,,1,2,,1,,,,19
,,,SCI615,Molecular and Cellular Biology,1356,11,10,8,1,2,,,,,,,32
,,,,,1357,6,3,3,1,2,1,1,,,,,17
,,,SCI625,Microbes and Disease,1358,3,5,11,6,1,3,1,2,,,,32
,,,SCI635,Physiology and Disease,1359,2,13,6,5,,4,,,,,,30
,,,SCI656,Seminar in Biology: Development,1360,5,8,,,,,,,,,,13
,,,,,1361,6,5,,,,,,,,,,11
,,Wellness,WEL105,Moving and Learning,1362,22,,37,,,3,,,,,,62
,,,,,1363,31,,22,,,6,,,,,,59
,,,WEL205,Net and Wall Games,1364,20,,4,,,1,,,,,,25
,,,WEL231,Outdoor and Indoor Games,1365,26,,4,,,,,,,,,30
,,,WEL525,Movement and Relaxation,1366,39,,6,,,1,,,,,,46
,,WldLang,WLG110,French I,1367,4,9,6,5,5,2,,1,,,,32
,,,WLG120,French II,1368,9,14,13,2,8,1,,3,,,,50
,,,WLG130,French III,1369,8,11,16,7,4,1,,1,,,,48
,,,WLG220,Spanish II,1370,22,13,1,,2,,,,,,,38
,,,WLG230,Spanish III,1371,11,16,11,5,12,,1,2,,,,58
,,,WLG240,Spanish IV,1372,21,3,,,1,,,,,,,25
,,,WLG250,Spanish V,1373,4,8,1,,2,,,,,,1,16
,,,WLG310,German I,1374,7,12,2,3,4,,,,,,,28
,,,WLG320,German II,1375,6,8,6,1,1,2,,2,,,,26
,,,WLG330,German III,1376,7,8,5,,2,1,,,,,,23
,,,WLG430,Japanese III,1377,3,5,3,1,2,1,,1,,,,16
,,,WLG510,Russian I,1378,9,17,4,,1,,,,,,,31
,,,WLG520,Russian II,1379,5,8,3,2,6,,,,,,,24
,,,WLG530,Russian III,1380,6,8,,,2,,,,,,,16
,,,WLG610,Mandarin Chinese I,1381,25,17,5,2,1,,,,,,,50
,,,WLG620,Mandarin Chinese II,1382,8,9,1,,2,1,,,,,,21
,,,,,1383,16,13,5,,7,,,,,,,41
,,,WLG630,Mandarin Chinese III,1384,15,9,,1,4,,,,,,,29
,S2,English,ENG102,Literary Explorations II,1385,2,22,12,2,7,,,,,,,45
,,,,,1386,3,6,8,2,1,,,2,,,,22
,,,,,1387,7,17,10,,5,,,1,,,,40
,,,,,1388,14,17,5,1,9,,,,,,,46
,,,,,1389,3,7,9,,1,,,,,,,20
,,,,,1390,14,18,5,1,4,,,,,,,42
,,,,,1391,1,8,4,2,5,,,,,,,20
,,,ENG212,Creative Writing Workshop,1392,3,10,2,,5,1,,1,,,,22
,,,,,1393,37,2,,1,2,,,,,,,42
,,,,,1394,27,8,4,1,2,,,,,,,42
,,,,,1395,4,10,3,1,2,1,,1,,,,22
,,,ENG242,Modern Theater,1396,2,3,13,2,13,,1,3,1,,,38
,,,ENG301,Modern World Fiction,1397,8,16,11,,11,1,,,,,,47
,,,,,1398,1,15,2,,2,,,,,,,20
,,,ENG351,Graphic Novels: Image and Text,1399,6,19,15,11,17,2,,,,,,70
,,,ENG365,Speculative Fiction Studies,1400,2,15,5,1,9,1,,,,,,33
,,,,,1401,20,15,8,,6,,,,,,,49
,,,ENG512,Victorian Fiction,1402,2,8,4,,2,1,,,,,,17
,,FineArts,FAR100,Concert Band,1403,30,,,,,,,,,,,30
,,,FAR110,Wind Ensemble,1404,44,2,,1,,,,,,,,47
,,,FAR120,String Orchestra,1405,24,2,,,,,,,,,,26
,,,FAR130,Chamber Strings,1406,20,,,,,,,,,,,20
,,,FAR200,Concert Choir,1407,17,1,,,,,,,,,,18
,,,FAR210,Chamber Choir,1408,16,,,,1,,,,,,,17
,,,FAR300,Music Appreciation,1409,18,2,6,1,1,1,,,,,,29
,,,FAR402,Art and Design,1410,30,,4,,1,,,,,,,35
,,,FAR420,Drawing and Illustration,1411,25,3,2,1,1,,,,,,,32
,,HistorySS,HSS100,American Studies,1412,7,9,3,,4,,,,,,,23
,,,,,1413,8,15,9,1,8,,,1,,,,42
,,,,,1414,17,12,10,4,5,3,,9,,,,60
,,,HSS202,The World in the Twentieth Century,1415,7,21,10,,4,,1,1,,,,44
,,,,,1416,3,13,,,3,,,,,,,19
,,,,,1417,7,18,4,4,14,,,1,,,,48
,,,,,1418,5,8,8,3,,,,,1,,,25
,,,,,1419,14,24,13,5,5,2,,2,,,,65
,,,HSS307,Topics in Current Affairs,1420,20,20,2,,4,,,2,,,,48
,,,,,1421,14,14,1,,3,,,1,,,,33
,,,HSS342,History of Biology,1422,3,14,14,3,11,,,3,,,,48
,,,,,1423,7,5,2,3,1,1,,,,,,19
,,,HSS352,History of Technology and Culture,1424,9,22,8,2,9,,,,,,,50
,,MathCS,CS100,Computer Science Inquiry,1425,18,7,3,3,3,3,,1,,,,38
,,,,,1426,9,6,6,2,7,,,3,1,,,34
,,,,,1427,27,8,2,,2,1,,,,,,40
,,,CS205,Object Oriented Programming,1428,12,5,3,1,3,3,2,1,,,,30
,,,CS235,Web Technologies,1429,3,1,4,2,6,1,,1,,,,18
,,,CS305,Advanced Programming,1430,20,5,2,,1,,,,,,,28
,,,CS402,CS Seminar: Advanced Web Technologies,1431,,2,6,2,,,,,,,,10
,,,MAT110,Mathematical Investigations I/II,1432,1,1,5,4,1,2,1,2,2,,,19
,,,MAT122,Mathematical Investigations II,1433,3,2,2,2,1,2,1,,,,,13
,,,MAT132,Mathematical Investigations III,1434,3,2,3,2,4,2,,2,1,,,19
,,,,,1435,6,6,8,4,2,5,3,3,,,,37
,,,,,1436,12,7,8,8,2,,,3,,,,40
,,,,,1437,1,3,4,,1,3,1,4,1,,,18
,,,MAT142,Mathematical Investigations IV,1438,2,3,5,1,1,1,,2,2,,,17
,,,,,1439,14,7,7,3,5,6,1,3,2,,,48
,,,MAT222,AB Calculus II,1440,2,4,14,5,6,1,,2,,,,34
,,,MAT312,BC Calculus I,1441,1,4,6,1,5,,,,,,,17
,,,,,1442,4,7,9,3,6,1,,3,,,,33
,,,,,1443,8,5,12,2,5,5,1,3,,,,41
,,,MAT322,BC Calculus II,1444,22,4,5,2,2,4,1,1,,,,41
,,,MAT332,BC Calculus III,1445,9,11,15,10,5,3,1,4,1,,,59
,,,,,1446,3,2,17,3,2,7,1,2,,,,37
,,,MAT362,BC Calculus I/II,1447,12,8,3,,,,,,,,,23
,,,MAT407,Modern Geometries,1448,8,4,2,,3,1,,,,,,18
,,,MAT425,Problem Solving,1449,7,6,2,1,3,,,1,,,,20
,,,MAT435,Discrete Mathematics,1450,9,5,10,2,3,4,,2,,,,35
,,,MAT442,Multi-Variable Calculus,1451,17,12,8,6,2,1,,,,,,46
,,,MAT450,Mathematical Modeling,1452,8,3,12,2,7,2,,2,,,3,39
,,,MAT462,Introduction to Algebraic Structures I,1453,5,7,3,1,4,1,,2,,,1,24
,,,,,1454,7,3,,,1,,,,,,,11
,,Science,SCI105,Scientific Inquiries - Chemistry,1455,23,10,9,5,2,7,4,1,,,,61
,,,,,1456,26,10,9,3,5,1,,3,,,,57
,,,SCI115,Scientific Inquiries - Physics,1457,6,2,5,1,2,,,2,,,,18
,,,,,1458,18,7,4,4,4,1,,,,,,38
,,,,,1459,21,15,12,5,3,1,,,1,,,58
,,,SCI125,Scientific Inquiries - Biology,1460,3,5,7,3,1,2,,,,,,21
,,,,,1461,2,5,3,1,2,4,,2,,,,19
,,,,,1462,2,8,5,4,,1,,,,,,20
,,,SCI135,Methods in Scientific Inquiry,1463,5,8,4,2,3,,,,,,,22
,,,,,1464,7,2,5,,1,,,,,,,15
,,,,,1465,7,4,6,2,1,,,1,,,,21
,,,,,1466,1,7,3,,1,,,,,,,12
,,,,,1467,4,9,1,3,1,1,,,,,,19
,,,,,1468,5,7,7,,2,1,1,,,,,23
,,,SCI202,Advanced Chemistry--Chemical Reactions,1469,6,6,4,3,4,2,2,2,,,,29
,,,,,1470,8,9,8,6,3,,3,1,,,1,39
,,,,,1471,3,5,5,2,1,,2,1,,,,19
,,,SCI222,Organic Chemistry II,1472,10,9,4,2,2,1,,1,,,,29
,,,,,1473,2,2,4,1,1,1,1,,,,1,13
,,,SCI235,Biochemistry,1474,3,9,2,3,1,,,1,,,,19
,,,SCI245,Environmental Chemistry,1475,23,13,13,4,2,1,,1,,,,57
,,,SCI402,Physics: Sound and Light,1476,4,3,7,1,2,,,1,1,,1,20
,,,,,1477,6,3,4,2,1,,,,,,,16
,,,SCI412,Physics: Calculus-based Elec & Magnetism,1478,16,12,7,5,4,1,1,2,,,2,50
,,,SCI425,Planetary Science,1479,5,14,11,2,3,,,,,,,35
,,,SCI445,Modern Physics,1480,9,6,7,1,10,,,,,,,33
,,,SCI455,Engineering,1481,,4,23,4,5,2,,2,,,,40
,,,SCI505,Computational Science,1482,5,5,15,1,4,1,2,3,1,,,37
,,,SCI605,"Evolution, Biodiversity, and Ecology",1483,12,5,4,1,2,1,2,,1,,,28
,,,SCI615,Molecular and Cellular Biology,1484,9,2,1,,,,,,,,,12
,,,,,1485,5,3,1,,1,,,,,,,10
,,,SCI625,Microbes and Disease,1486,5,1,8,,3,3,,,,,,20
,,,,,1487,5,11,11,6,1,4,,1,,,,39
,,,SCI635,Physiology and Disease,1488,1,4,7,5,1,,,,,,1,19
,,Wellness,WEL105,Moving and Learning,1489,23,,28,,,6,,,,,,57
,,,,,1490,39,,19,,,3,,,,,,61
,,,WEL231,Outdoor and Indoor Games,1491,49,,10,,,,,,,,,59
,,,WEL312,Dance,1492,18,,4,,,,,,,,,22
,,,WEL525,Movement and Relaxation,1493,21,,4,,,1,,,,,,26
,,WldLang,WLG110,French I,1494,6,7,7,5,5,1,,1,,,,32
,,,WLG120,French II,1495,9,15,16,2,4,2,,1,,,,49
,,,WLG130,French III,1496,12,9,18,3,2,1,,1,,,,46
,,,WLG220,Spanish II,1497,28,7,,,3,,,,,,,38
,,,WLG230,Spanish III,1498,10,16,13,3,11,2,,1,1,,,57
,,,WLG240,Spanish IV,1499,17,7,,,1,,,,,,,25
,,,WLG250,Spanish V,1500,4,2,4,,5,,,,,,1,16
,,,WLG310,German I,1501,4,11,7,1,2,1,,1,,,,27
,,,WLG320,German II,1502,10,5,4,2,,1,1,3,,,,26
,,,WLG330,German III,1503,5,3,7,3,5,,,,,,,23
,,,WLG430,Japanese III,1504,12,1,,,3,,,,,,,16
,,,WLG510,Russian I,1505,9,12,2,,6,,,1,,,,30
,,,WLG520,Russian II,1506,4,11,3,,6,,,,,,,24
,,,WLG530,Russian III,1507,6,5,,1,4,,,,,,,16
,,,WLG610,Mandarin Chinese I,1508,22,14,6,2,4,,,1,,,,49
,,,WLG620,Mandarin Chinese II,1509,8,9,2,,1,,,1,,,,21
,,,,,1510,23,7,4,,6,,,1,,,,41
,,,WLG630,Mandarin Chinese III,1511,16,8,2,,3,,,,,,,29
18-19,S1,English,ENG101,Literary Explorations I,1512,4,19,9,,9,,,,,,,41
,,,,,1513,6,14,13,1,8,1,,,,,,43
,,,,,1514,2,17,9,6,7,,1,3,,,,45
,,,,,1515,3,21,11,,11,,,,,,,46
,,,,,1516,8,8,11,3,11,,,,,,,41
,,,ENG201,Literary Explorations III,1517,5,10,9,2,11,,1,,,,,38
,,,,,1518,4,14,7,3,16,1,,1,,,,46
,,,,,1519,4,7,3,3,4,,,,,,,21
,,,,,1520,11,22,1,2,9,,,1,,,,46
,,,,,1521,7,16,5,1,7,,,,,,,36
,,,,,1522,4,18,11,1,7,,,2,,,,43
,,,ENG315,Shakespeare,1523,14,21,5,2,6,,,,,,,48
,,,ENG341,Gender Studies,1524,2,3,5,3,5,,,1,,,,19
,,,,,1525,7,23,6,1,2,,,,,,,39
,,,ENG361,Tolkien: Language and Literature,1526,10,15,4,2,12,1,1,1,,,,46
,,,ENG502,The Idea of the Individual,1527,9,17,9,3,7,,,1,,,,46
,,FineArts,FAR100,Concert Band,1528,31,,,,,,,,,,,31
,,,FAR110,Wind Ensemble,1529,53,1,1,,,,,,,,,55
,,,FAR120,String Orchestra,1530,14,,,,,,,,,,,14
,,,FAR130,Chamber Strings,1531,25,,,,,,,,,,,25
,,,FAR200,Concert Choir,1532,13,,,,,,,,,,,13
,,,FAR210,Chamber Choir,1533,15,,,,,,,,,,,15
,,,FAR301,Music Theory,1534,7,2,,1,1,,,,,,,11
,,,FAR416,Digital Photography,1535,33,2,,,2,,,,,,,37
,,,FAR421,Scientific Illustration,1536,18,1,,,,,,,,,,19
,,HistorySS,HSS100,American Studies,1537,21,15,2,1,4,,,,,,,43
,,,,,1538,8,28,9,3,20,,,2,,,,70
,,,HSS201a,Ancient World Religion and Philosophy,1539,8,7,5,,4,,,,1,,,25
,,,,,1540,14,17,4,,5,,,,1,,,41
,,,,,1541,10,29,14,4,9,,,1,2,,,69
,,,HSS201b,Conflict in World History,1542,14,14,9,1,9,,,,1,,,48
,,,HSS201f,"Art, Worldview, and Society in History",1543,2,12,3,1,7,,,,,,,25
,,,HSS201g,Historic Global Commodities and Culture,1544,5,9,3,2,1,,,,,,,20
,,,HSS311,Political Theory,1545,18,16,3,2,9,,,1,,,,49
,,,HSS336,"Rise of the Atlantic World, 1492-1815",1546,3,10,4,,4,1,,2,,,,24
,,,HSS351,History of Philosophy,1547,17,31,5,4,11,,,,,,,68
,,,HSS371,African American Studies (History focus),1548,2,6,1,1,5,,,1,,,,16
,,,HSS391,Modern Genocide and Mass Violence,1549,20,23,,,2,,,,,,,45
,,MathCS,CS100,Computer Science Inquiry,1550,12,13,9,5,9,3,,4,,,,55
,,,,,1551,20,18,,,2,,,,,,,40
,,,CS205,Object Oriented Programming,1552,3,7,2,3,3,,,,1,,,19
,,,,,1553,1,7,,2,3,1,1,,,,,15
,,,,,1554,4,8,3,,,,,2,1,,,18
,,,CS235,Web Technologies,1555,5,10,6,3,5,2,3,3,,,,37
,,,CS315,Microcontroller Applications (CS),1556,8,5,3,,1,,,,,,,17
,,,CS401,CS Seminar: Security and Android Apps,1557,1,6,6,3,1,,,,,,,17
,,,MAT101,Geometry I/II,1558,6,3,4,1,2,1,,2,1,,,20
,,,MAT110,Mathematical Investigations I/II,1559,,1,3,6,2,4,3,,,,,19
,,,MAT121,Mathematical Investigations II,1560,1,4,5,4,5,,,3,,,,22
,,,,,1561,10,10,10,3,4,,,5,,,,42
,,,,,1562,3,4,6,7,8,2,1,3,,,,34
,,,MAT131,Mathematical Investigations III,1563,4,2,3,,3,4,1,1,2,,,20
,,,,,1564,21,11,6,4,7,1,3,1,,,,54
,,,MAT141,Mathematical Investigations IV,1565,7,10,3,2,5,2,2,3,1,,,35
,,,,,1566,6,7,2,1,2,,1,4,,,,23
,,,,,1567,15,6,3,3,5,3,,1,,,,36
,,,,,1568,8,11,4,3,3,6,4,1,2,,,42
,,,MAT211,AB Calculus I,1569,7,6,13,2,4,,,,,,,32
,,,MAT311,BC Calculus I,1570,17,8,4,3,2,1,1,,,,,36
,,,,,1571,3,1,3,,3,,,,,,,10
,,,MAT321,BC Calculus II,1572,17,14,8,3,12,1,,3,,,,58
,,,,,1573,8,7,6,2,4,3,1,3,,,,34
,,,MAT331,BC Calculus III,1574,3,2,2,2,2,1,1,2,1,,,16
,,,,,1575,5,3,5,1,1,3,,,,,,18
,,,MAT371,BC Calculus II/III,1576,11,8,2,,2,,,,,,,23
,,,MAT411,Statistical Exploration and Description,1577,9,6,1,,1,,,,,,,17
,,,MAT421,Number Theory,1578,7,7,3,1,,,,,,,3,21
,,,MAT441,Multi-Variable Calculus,1579,9,13,4,1,3,,,1,,,,31
,,,MAT445,Theory of Analysis,1580,17,2,,,1,,,,,,1,21
,,Science,SCI105,Scientific Inquiries - Chemistry,1581,14,11,3,3,3,1,2,2,,,,39
,,,,,1582,12,12,6,4,3,1,1,,2,,,41
,,,,,1583,17,2,7,3,4,1,1,1,,,,36
,,,SCI115,Scientific Inquiries - Physics,1584,4,4,5,1,3,,,3,,,,20
,,,,,1585,14,10,2,5,7,,,1,,,,39
,,,,,1586,23,17,11,3,5,,,4,,,,63
,,,SCI125,Scientific Inquiries - Biology,1587,2,8,6,2,5,,,,,,,23
,,,,,1588,6,4,4,2,2,1,,1,,,,20
,,,SCI135,Methods in Scientific Inquiry,1589,2,4,3,2,1,1,,,,,,13
,,,,,1590,2,5,4,3,8,,1,,1,,,24
,,,,,1591,16,9,7,1,9,1,,1,,,,44
,,,,,1592,5,2,5,3,3,,,,,,,18
,,,SCI201,Adv. Chemistry--Structure and Properties,1593,8,12,3,3,4,1,1,1,,,,33
,,,,,1594,16,12,9,10,4,1,3,1,,,,56
,,,,,1595,7,9,6,5,1,,,3,,,,31
,,,SCI215,Organic Chemistry I,1596,6,12,7,,10,,,3,,,,38
,,,,,1597,3,7,2,1,2,2,,,,,,17
,,,SCI245,Environmental Chemistry,1598,19,8,3,1,4,1,,,,,,36
,,,SCI315,Microcontroller Applications (Science),1599,2,4,3,1,4,,,,,,,14
,,,SCI402,Physics: Sound and Light,1600,6,6,7,6,3,1,2,,,,,31
,,,SCI411,Physics: Calculus-based Mechanics,1601,12,9,5,3,6,,,,,,,35
,,,,,1602,10,9,7,,4,,,,,,,30
,,,SCI425,Planetary Science,1603,1,7,5,2,5,,,,,,,20
,,,SCI445,Modern Physics,1604,2,6,6,1,4,1,,,,,,20
,,,SCI455,Engineering,1605,2,10,13,7,2,3,,2,,,,39
,,,SCI465,Biophysics,1606,7,7,9,4,4,1,,3,,,1,36
,,,SCI600,Advanced Biological Systems,1607,6,6,4,2,3,,1,,,,,22
,,,,,1608,,11,1,,4,,,,,,,16
,,,,,1609,2,2,6,4,4,,,4,,,,22
,,,,,1610,5,3,1,,1,2,,,,,,12
,,,,,1611,10,13,7,4,4,3,,1,,,,42
,,,SCI605,"Evolution, Biodiversity, and Ecology",1612,14,10,2,,2,,,,,,,28
,,,SCI615,Molecular and Cellular Biology,1613,22,14,6,2,1,1,,1,,,,47
,,,SCI635,Physiology and Disease,1614,7,5,2,2,,,,1,,,,17
,,,SCI676,Seminar in Biology: Molecular Bio Lab,1615,10,3,1,,1,,,,,,,15
,,,,,1616,3,4,3,2,3,,,,,,,15
,,Wellness,WEL105,Moving and Learning,1617,1,29,6,,18,,,,,,,54
,,,,,1618,7,27,9,,12,,,,,,,55
,,,WEL205,Net and Wall Games,1619,11,17,,,3,,,,,,,31
,,,WEL231,Outdoor and Indoor Games,1620,28,5,,,,,,,,,,33
,,,WEL525,Movement and Relaxation,1621,19,25,,,3,,,,,,,47
,,WldLang,WLG110,French I,1622,12,2,7,4,7,1,,,,,,33
,,,WLG120,French II,1623,3,12,16,3,16,,,2,,,,52
,,,WLG130,French III,1624,9,15,9,5,4,1,,1,,,,44
,,,WLG140,French IV,1625,6,9,1,,3,,,,,,,19
,,,WLG220,Spanish II,1626,2,6,3,,8,,,,,,,19
,,,WLG230,Spanish III,1627,14,8,17,6,13,,,,1,,1,60
,,,WLG240,Spanish IV,1628,4,21,7,5,18,,,,,,,55
,,,WLG250,Spanish V,1629,6,5,,,2,,,,,,,13
,,,WLG310,German I,1630,9,7,4,2,5,,,,,,,27
,,,WLG320,German II,1631,7,5,7,1,4,,,2,,,,26
,,,WLG330,German III,1632,3,10,5,,1,,,,,,,19
,,,WLG510,Russian I,1633,16,9,1,,5,,,,,,,31
,,,WLG520,Russian II,1634,7,6,5,2,7,,,1,,,,28
,,,WLG530,Russian III,1635,1,8,4,,8,,,,,,,21
,,,WLG610,Mandarin Chinese I,1636,29,20,2,,8,,,,,,,59
,,,WLG620,Mandarin Chinese II,1637,9,8,,1,4,,,,,,,22
,,,,,1638,17,2,2,,3,,,,,,,24
,,,WLG630,Mandarin Chinese III,1639,31,15,4,,4,1,1,,,,,56
,S2,English,ENG102,Literary Explorations II,1640,3,5,15,6,8,1,,3,,,,41
,,,,,1641,5,13,6,2,8,1,,3,,,,38
,,,,,1642,9,25,2,,8,,,,,,,44
,,,,,1643,14,17,7,,6,,,,,,,44
,,,,,1644,11,13,5,,12,,,1,,,,42
,,,ENG212,Creative Writing Workshop,1645,11,18,5,3,6,1,,,,,,44
,,,,,1646,14,11,4,2,8,1,2,,,,,42
,,,ENG242,Modern Theater,1647,12,11,3,,6,,,1,,,,33
,,,ENG301,Modern World Fiction,1648,5,5,12,4,11,1,1,2,,,,41
,,,,,1649,3,16,6,1,14,,,,,,,40
,,,ENG325,Digital Literary Studies,1650,21,15,1,2,5,,1,1,,,,46
,,,ENG351,Graphic Novels: Image and Text,1651,1,8,10,3,14,,1,1,,,,38
,,,,,1652,6,10,8,3,18,1,,,,,,46
,,,ENG365,Speculative Fiction Studies,1653,1,15,10,1,17,1,,,,,,45
,,,,,1654,14,24,3,,7,,,,,,,48
,,FineArts,FAR100,Concert Band,1655,28,,,,,,,,,,,28
,,,FAR110,Wind Ensemble,1656,52,,,,1,,,,,,,53
,,,FAR120,String Orchestra,1657,10,,,,,,,,,,,10
,,,FAR130,Chamber Strings,1658,24,,,,,,,,,,,24
,,,FAR200,Concert Choir,1659,13,,,,,,,,,,,13
,,,FAR210,Chamber Choir,1660,15,1,,,,,,,,,,16
,,,FAR300,Music Appreciation,1661,14,2,3,1,2,,,,,,,22
,,,FAR402,Art and Design,1662,10,1,1,1,,,,,,,,13
,,,FAR411,Observational Drawing,1663,14,,,,,,,,,,,14
,,,FAR416,Digital Photography,1664,17,2,,,,1,,,,,,20
,,,FAR435,Printmaking,1665,11,2,1,,1,,,,,,,15
,,HistorySS,HSS100,American Studies,1666,6,7,,,1,,,,,,,14
,,,,,1667,6,19,8,1,10,,,,,,,44
,,,,,1668,4,16,9,3,6,2,,1,,,,41
,,,HSS202,The World in the Twentieth Century,1669,21,30,2,3,10,,,1,,,,67
,,,,,1670,14,18,3,,7,,,,,,,42
,,,,,1671,15,13,6,2,12,1,,1,,,,50
,,,,,1672,17,21,10,2,10,,3,1,,,,64
,,,HSS335,America in the Contemporary World,1673,7,33,1,,9,,,,,,,50
,,,,,1674,14,9,,,2,,,,,,,25
,,,,,1675,2,8,1,,4,,,,,,,15
,,,HSS342,History of Biology,1676,2,9,5,2,7,,,,,,,25
,,,,,1677,4,5,5,1,3,,1,,,,,19
,,,HSS352,History of Technology and Culture,1678,17,25,3,,1,,,,,,,46
,,,HSS361,US Government and the Constitution,1679,3,7,5,5,,2,,1,,,,23
,,MathCS,CS100,Computer Science Inquiry,1680,10,9,8,3,7,,,,,,,37
,,,,,1681,15,15,2,1,4,1,,1,,,,39
,,,,,1682,14,10,5,2,3,,,1,1,,,36
,,,CS205,Object Oriented Programming,1683,5,1,,1,1,1,1,1,1,,,12
,,,,,1684,2,2,1,4,2,3,,,,,,14
,,,CS235,Web Technologies,1685,2,7,2,,3,,,,,,,14
,,,CS305,Advanced Programming,1686,3,5,2,2,1,1,1,1,,,,16
,,,,,1687,3,12,4,,,1,,,,,1,21
,,,CS335,Advanced Web Technologies,1688,1,1,5,4,3,,,1,,,,15
,,,MAT110,Mathematical Investigations I/II,1689,,,2,3,1,4,3,2,1,,,16
,,,MAT122,Mathematical Investigations II,1690,,1,8,1,3,3,,1,,,,17
,,,MAT132,Mathematical Investigations III,1691,4,4,7,4,5,3,1,2,2,,,32
,,,,,1692,33,11,9,5,3,4,,1,,,,66
,,,MAT142,Mathematical Investigations IV,1693,13,7,2,5,4,3,1,,1,,,36
,,,,,1694,9,5,5,7,4,4,2,1,,,,37
,,,MAT222,AB Calculus II,1695,1,5,11,12,2,1,,1,,,,33
,,,MAT312,BC Calculus I,1696,7,8,7,6,4,4,1,2,,,,39
,,,,,1697,1,5,2,1,1,1,,2,,,,13
,,,,,1698,6,5,10,6,10,1,1,2,,,,41
,,,MAT322,BC Calculus II,1699,12,7,4,3,6,1,,,,,,33
,,,,,1700,3,3,3,2,1,,,,,,,12
,,,MAT332,BC Calculus III,1701,14,12,9,8,6,3,5,4,,,,61
,,,,,1702,4,5,6,3,6,1,1,3,,,,29
,,,MAT362,BC Calculus I/II,1703,13,7,3,,1,,,,,,,24
,,,MAT407,Modern Geometries,1704,11,1,2,,2,1,,,,,,17
,,,MAT412,Statistical Experimentation & Inference,1705,13,,,,,,,,,,,13
,,,MAT435,Discrete Mathematics,1706,6,7,3,9,2,8,2,6,,,,43
,,,MAT442,Multi-Variable Calculus,1707,14,14,4,4,6,2,,1,1,,,46
,,,MAT452,Differential Equations,1708,6,7,1,,5,1,,1,,,,21
,,,MAT462,Introduction to Algebraic Structures I,1709,7,4,1,,2,1,,,,,,15
,,,,,1710,1,3,2,5,,2,,2,,,3,18
,,Science,SCI105,Scientific Inquiries - Chemistry,1711,6,1,2,1,3,3,,,,,,16
,,,,,1712,10,7,12,1,5,1,1,1,,,,38
,,,,,1713,14,6,5,3,2,3,1,2,,,,36
,,,SCI115,Scientific Inquiries - Physics,1714,17,14,8,5,6,,,1,,,,51
,,,,,1715,18,5,4,2,2,2,1,2,,,,36
,,,SCI125,Scientific Inquiries - Biology,1716,11,6,4,2,5,2,1,,,,,31
,,,,,1717,7,8,10,2,1,4,,1,,,,33
,,,SCI135,Methods in Scientific Inquiry,1718,1,10,8,1,,,,,,,,20
,,,,,1719,15,7,4,3,4,,,,,,,33
,,,,,1720,1,8,8,2,3,,,,,,,22
,,,,,1721,4,4,3,1,6,,,,,,,18
,,,,,1722,9,4,3,1,4,,,,,,,21
,,,SCI202,Advanced Chemistry--Chemical Reactions,1723,5,6,7,2,1,4,3,2,,,,30
,,,,,1724,8,4,7,3,3,5,3,3,,,,36
,,,,,1725,10,10,6,5,6,3,6,3,1,,,50
,,,SCI222,Organic Chemistry II,1726,11,10,9,1,5,,,1,,,1,38
,,,,,1727,1,6,6,2,,1,,,,,,16
,,,SCI235,Biochemistry,1728,9,6,8,4,3,1,1,4,,,,36
,,,SCI245,Environmental Chemistry,1729,5,2,7,,1,2,,,,,,17
,,,SCI402,Physics: Sound and Light,1730,21,4,3,3,4,,,2,,,,37
,,,SCI412,Physics: Calculus-based Elec & Magnetism,1731,12,7,4,1,2,,,2,,,,28
,,,,,1732,13,2,5,,,1,1,,,,3,25
,,,SCI425,Planetary Science,1733,10,6,6,2,7,,,1,,,,32
,,,SCI445,Modern Physics,1734,2,3,4,,5,,,2,,,1,17
,,,SCI455,Engineering,1735,1,7,6,,4,,,,,,,18
,,,,,1736,8,13,6,1,7,2,,,,,,37
,,,SCI505,Computational Science,1737,6,7,7,1,9,1,,,2,,,33
,,,SCI600,Advanced Biological Systems,1738,14,11,4,,2,,2,1,,,,34
,,,,,1739,7,9,3,2,2,,,,,,,23
,,,,,1740,6,3,3,3,1,,,1,,,,17
,,,,,1741,4,4,5,,3,1,,1,,,,18
,,,,,1742,8,1,,4,4,,2,,,,,19
,,,SCI625,Microbes and Disease,1743,16,7,12,7,7,3,1,2,,,,55
,,,SCI635,Physiology and Disease,1744,6,12,6,3,1,,,,,,,28
,,Wellness,WEL105,Moving and Learning,1745,5,23,7,2,14,,,,,,,51
,,,,,1746,6,30,3,3,9,,,,,,,51
,,,WEL231,Outdoor and Indoor Games,1747,29,27,2,,3,,,,,,,61
,,,WEL312,Dance,1748,4,12,1,,4,,,,,,,21
,,,WEL525,Movement and Relaxation,1749,15,6,1,,1,,,,,,,23
,,WldLang,WLG110,French I,1750,9,4,8,,7,,,1,,,,29
,,,WLG120,French II,1751,2,17,10,3,13,3,1,2,,,,51
,,,WLG130,French III,1752,9,10,14,3,8,,,,,,,44
,,,WLG140,French IV,1753,4,8,2,,4,,,1,,,,19
,,,WLG220,Spanish II,1754,4,8,4,,3,,,,,,,19
,,,WLG230,Spanish III,1755,14,16,13,3,11,,,1,,,1,59
,,,WLG240,Spanish IV,1756,13,16,13,3,9,,,1,,,,55
,,,WLG250,Spanish V,1757,10,2,,,1,,,,,,,13
,,,WLG310,German I,1758,9,5,5,1,3,2,,,,,,25
,,,WLG320,German II,1759,6,10,4,3,2,,,,,,,25
,,,WLG330,German III,1760,7,8,4,,,,,,,,,19
,,,WLG510,Russian I,1761,11,11,3,1,4,,,,,,,30
,,,WLG520,Russian II,1762,4,12,4,,7,1,,,,,,28
,,,WLG530,Russian III,1763,3,8,5,,4,,,1,,,,21
,,,WLG610,Mandarin Chinese I,1764,21,28,3,,6,,,,,,,58
,,,WLG620,Mandarin Chinese II,1765,12,4,,1,4,,,,,,,21
,,,,,1766,17,6,1,,,,,,,,,24
,,,WLG630,Mandarin Chinese III,1767,38,10,4,,2,2,,,,,,56
19-20,S1,English,ENG101,Literary Explorations I,1768,9,17,5,2,9,,,1,,,,43
,,,,,1769,3,11,7,2,13,3,,1,,,,40
,,,,,1770,4,30,4,,5,1,,1,,,,45
,,,,,1771,4,24,3,,13,,,,1,,,45
,,,,,1772,1,10,7,3,18,,,1,,,,40
,,,ENG201,Literary Explorations III,1773,3,15,7,4,6,,,1,1,,,37
,,,,,1774,2,18,9,4,9,,,2,,,,44
,,,,,1775,4,9,10,4,7,2,2,1,,,,39
,,,,,1776,5,13,12,1,9,,,,,,,40
,,,,,1777,10,17,5,1,8,,2,1,,,,44
,,,ENG315,Shakespeare,1778,3,10,2,,3,1,,,,,,19
,,,,,1779,21,16,1,1,7,,,,,,,46
,,,ENG341,Gender Studies,1780,12,26,2,,5,,,,,,,45
,,,ENG361,Tolkien: Language and Literature,1781,9,14,9,4,10,,,1,,,,47
,,,ENG381,Rhetoric and Communication: Science,1782,7,9,2,1,3,,,,,,,22
,,,ENG502,The Idea of the Individual,1783,4,14,7,5,11,2,,,1,,,44
,,FineArts,FAR100,Concert Band,1784,34,,,,,,,,,,,34
,,,FAR110,Wind Ensemble,1785,47,1,,,,,,,,,,48
,,,FAR120,String Orchestra,1786,20,,,,,,,,,,,20
,,,FAR130,Chamber Strings,1787,20,,,,,,,,,,,20
,,,FAR200,Concert Choir,1788,12,,,1,,,,,,,,13
,,,FAR210,Chamber Choir,1789,25,1,,,,,,,,,,26
,,,FAR301,Music Theory,1790,4,2,3,,2,,,,,,,11
,,,FAR416,Digital Photography,1791,37,2,,,,,,,,,,39
,,,FAR421,Scientific Illustration,1792,18,1,,,1,,,,,,,20
,,,FAR450,3D Design Foundations,1793,19,2,1,,,,,,,,,22
,,HistorySS,HSS100,American Studies,1794,18,19,15,6,14,6,1,5,2,,,86
,,,,,1795,5,6,3,2,3,1,1,,,,,21
,,,HSS201a,Ancient World Religion and Philosophy,1796,50,33,3,2,5,,,,,,,93
,,,,,1797,8,8,3,1,3,1,1,,,,,25
,,,,,1798,11,17,6,,7,,,2,,,,43
,,,HSS201b,Conflict in World History,1799,12,12,7,6,6,1,1,1,,,,46
,,,HSS311,Political Theory,1800,25,13,2,2,4,,,,,,,46
,,,HSS325,Modern Economics,1801,48,12,,2,7,,,1,,,,70
,,,HSS371,African American Studies (History focus),1802,5,6,2,1,1,,,,,,,15
,,,HSS391,Modern Genocide and Mass Violence,1803,36,21,3,1,5,1,1,,,,,68
,,,HSS393,History of the Environment,1804,11,6,,1,3,1,,,1,,,23
,,MathCS,CS100,Computer Science Inquiry,1805,5,8,1,2,2,,,1,,,,19
,,,,,1806,16,15,6,1,4,,,,,,,42
,,,,,1807,14,10,1,,1,3,1,1,1,,,32
,,,CS205,Object Oriented Programming,1808,11,5,2,2,5,1,2,2,,,,30
,,,,,1809,2,4,4,2,2,3,,,,,,17
,,,CS235,Web Technologies,1810,5,10,3,5,5,1,,1,,,,30
,,,CS431,CS Seminar: Machine Learning,1811,25,,,1,,,,,,,,26
,,,MAT101,Geometry I/II,1812,6,2,2,,4,2,1,4,2,,,23
,,,MAT110,Mathematical Investigations I/II,1813,,5,5,3,2,1,,3,,,,19
,,,MAT121,Mathematical Investigations II,1814,2,4,2,4,2,1,1,2,1,,,19
,,,,,1815,3,7,3,2,3,,1,1,1,,,21
,,,,,1816,5,1,5,3,2,,1,3,,,,20
,,,,,1817,13,6,7,5,6,,,1,,,,38
,,,MAT131,Mathematical Investigations III,1818,1,1,1,2,5,2,,1,1,,,14
,,,,,1819,3,3,6,3,4,1,,,,,,20
,,,,,1820,9,7,6,2,2,3,,1,,,,30
,,,MAT141,Mathematical Investigations IV,1821,8,8,5,7,6,4,1,4,2,,,45
,,,,,1822,11,7,7,4,5,2,3,1,1,,,41
,,,,,1823,2,7,3,1,4,2,,4,,,,23
,,,,,1824,5,8,4,1,1,2,,1,,,,22
,,,MAT211,AB Calculus I,1825,2,4,11,3,3,6,1,4,,,,34
,,,MAT311,BC Calculus I,1826,2,5,3,3,2,1,,1,,,,17
,,,,,1827,1,6,2,2,3,,,3,,,,17
,,,,,1828,2,4,1,,5,1,2,,,,,15
,,,MAT321,BC Calculus II,1829,4,7,2,1,1,1,,1,,,,17
,,,,,1830,3,5,6,,1,1,,3,1,,,20
,,,,,1831,15,6,11,6,7,4,1,6,,,3,59
,,,MAT331,BC Calculus III,1832,22,9,2,3,2,2,,,,,,40
,,,MAT371,BC Calculus II/III,1833,13,7,1,,3,,,,,,,24
,,,MAT411,Statistical Exploration and Description,1834,35,6,,,4,,,,,,,45
,,,MAT421,Number Theory,1835,4,6,2,1,4,,,,,,1,18
,,,MAT434,Discrete Mathematics,1836,5,1,1,1,,,2,,,,,10
,,,MAT441,Multi-Variable Calculus,1837,7,12,1,3,4,1,1,2,,,,31
,,,MAT473,Linear Algebra,1838,3,9,3,,5,1,1,,,,,22
,,Science,SCI105,Scientific Inquiries - Chemistry,1839,4,7,2,,2,1,,,,,,16
,,,,,1840,7,5,2,4,,1,1,1,,,,21
,,,,,1841,17,2,5,2,5,2,4,2,1,,,40
,,,,,1842,4,12,7,6,1,5,3,1,,,,39
,,,SCI115,Scientific Inquiries - Physics,1843,2,8,3,,6,2,,,,,,21
,,,,,1844,16,9,4,4,2,,,1,,,,36
,,,,,1845,17,7,8,2,5,,,,,,,39
,,,,,1846,7,5,6,1,2,,,,,,,21
,,,SCI125,Scientific Inquiries - Biology,1847,12,13,7,2,3,,1,1,,,,39
,,,SCI135,Methods in Scientific Inquiry,1848,5,2,3,2,6,,,1,1,,,20
,,,,,1849,1,7,4,3,2,3,,1,,,,21
,,,,,1850,4,8,3,3,,,,,,,,18
,,,,,1851,5,7,3,2,1,,1,2,,,,21
,,,,,1852,16,4,,,,,,,,,,20
,,,SCI201,Adv. Chemistry--Structure and Properties,1853,11,11,11,2,1,,,1,,,,37
,,,,,1854,3,6,4,8,6,1,,2,,,,30
,,,,,1855,4,3,1,1,2,1,,,,,,12
,,,SCI215,Organic Chemistry I,1856,10,5,4,2,10,1,1,,,,,33
,,,,,1857,10,4,2,,1,1,,,,,,18
,,,,,1858,5,7,,4,2,1,,,,,,19
,,,SCI235,Biochemistry,1859,15,7,3,1,2,2,,4,,,,34
,,,SCI245,Environmental Chemistry,1860,8,5,2,,2,,,,,,,17
,,,SCI255,Medicinal Chemistry,1861,13,7,6,2,6,3,,,,,,37
,,,SCI315,Microcontroller Applications (Science),1862,5,6,2,2,2,,,,,,,17
,,,SCI325,Geology,1863,3,5,5,1,1,,,,,,,15
,,,SCI402,Physics: Sound and Light,1864,18,7,4,1,3,1,,,,,,34
,,,SCI411,Physics: Calculus-based Mechanics,1865,29,18,4,3,3,,,1,,,,58
,,,SCI425,Planetary Science,1866,,8,5,1,5,,,,,,,19
,,,,,1867,1,4,5,,3,,,,,,,13
,,,SCI445,Modern Physics,1868,6,7,9,7,2,2,,,,,,33
,,,SCI455,Engineering,1869,3,8,1,1,5,,,,,,,18
,,,,,1870,5,8,3,,4,,,,,,,20
,,,SCI600,Advanced Biological Systems,1871,5,6,,,3,1,1,,,,,16
,,,,,1872,2,6,2,1,1,1,,,,,,13
,,,,,1873,3,2,5,3,2,1,,1,,,,17
,,,,,1874,12,12,7,1,4,4,,,,,,40
,,,,,1875,6,4,2,1,1,,,,,,,14
,,,SCI605,"Evolution, Biodiversity, and Ecology",1876,9,2,2,,1,1,,,,,,15
,,,SCI616,Cancer Biology,1877,5,5,1,,2,,,,,,,13
,,,SCI625,Microbes and Disease,1878,3,3,1,1,2,2,,,,,,12
,,,SCI636,Pathophysiology,1879,12,9,9,1,1,2,,,,,,34
,,,SCI645,Biology of Behavior,1880,11,2,2,2,1,,,,,,,18
,,Wellness,WEL105,Moving and Learning,1881,3,20,1,3,26,1,,,,,,54
,,,,,1882,7,30,4,,10,,,,,,,51
,,,WEL205,Net and Wall Games,1883,20,5,,,2,,,,,,,27
,,,WEL231,Outdoor and Indoor Games,1884,14,17,1,,1,,,,,,,33
,,,WEL251,Stress Management for Life,1885,13,5,2,,2,,,,,,,22
,,,WEL525,Movement and Relaxation,1886,10,11,,,3,,,,,,,24
,,WldLang,WLG110,French I,1887,11,9,3,5,7,1,,,,,,36
,,,WLG120,French II,1888,9,15,5,3,6,,1,3,,,,42
,,,WLG130,French III,1889,6,18,7,4,6,1,,2,,,,44
,,,WLG140,French IV,1890,5,6,1,,2,,,,,,,14
,,,WLG220,Spanish II,1891,2,7,3,1,4,,,1,,,,18
,,,WLG230,Spanish III,1892,5,13,12,1,20,1,,1,,,,53
,,,WLG240,Spanish IV,1893,27,15,1,1,8,2,,,,,,54
,,,WLG250,Spanish V,1894,8,12,2,,2,,,,,,,24
,,,WLG310,German I,1895,8,5,5,1,3,,,1,,,,23
,,,WLG320,German II,1896,14,6,2,1,6,,,,,,,29
,,,WLG330,German III,1897,8,8,2,,3,,,1,,,,22
,,,WLG510,Russian I,1898,12,4,1,1,4,,,,,,,22
,,,WLG520,Russian II,1899,10,10,5,,2,,,1,,,,28
,,,WLG530,Russian III,1900,1,9,3,2,8,,,,,,,23
,,,WLG610,Mandarin Chinese I,1901,29,16,3,,3,,,,,,,51
,,,WLG620,Mandarin Chinese II,1902,11,7,,,2,,,,,,,20
,,,,,1903,32,9,1,,2,,,,,,,44
,,,WLG630,Mandarin Chinese III,1904,26,9,1,,4,,,,,,,40
,S2,English,ENG102,Literary Explorations II,1905,,,,,,,,,,,41,41
,,,,,1906,,,,,,,,,,,40,40
,,,,,1907,,,,,,,,,,,40,40
,,,,,1908,,,,,,,,,,,46,46
,,,,,1909,,,,,,,,,,,45,45
,,,ENG212,Creative Writing Workshop,1910,,,,,,,,,,1,47,48
,,,,,1911,,,,,,,,,,,42,42
,,,ENG242,Modern Theater,1912,,,,,,,,,,,40,40
,,,ENG301,Modern World Fiction,1913,,,,,,,,,,,18,18
,,,,,1914,,,,,,,,,,,41,41
,,,ENG325,Digital Literary Studies,1915,,,,,,,,,,,93,93
,,,ENG351,Graphic Novels: Image and Text,1916,,,,,,,,,,,44,44
,,,,,1917,,,,,,,,,,,47,47
,,,ENG365,Speculative Fiction Studies,1918,,,,,,,,,,,46,46
,,,ENG512,Victorian Fiction,1919,,,,,,,,,,,13,13
,,FineArts,FAR100,Concert Band,1920,,,,,,,,,,,31,31
,,,FAR110,Wind Ensemble,1921,,,,,,,,,,,50,50
,,,FAR120,String Orchestra,1922,,,,,,,,,,,18,18
,,,FAR130,Chamber Strings,1923,,,,,,,,,,,20,20
,,,FAR200,Concert Choir,1924,,,,,,,,,,,12,12
,,,FAR210,Chamber Choir,1925,,,,,,,,,,2,25,27
,,,FAR300,Music Appreciation,1926,,,,,,,,,,,16,16
,,,FAR402,Art and Design,1927,,,,,,,,,,,20,20
,,,FAR411,Observational Drawing,1928,,,,,,,,,,,19,19
,,,FAR416,Digital Photography,1929,,,,,,,,,,,20,20
,,,FAR435,Printmaking,1930,,,,,,,,,,,15,15
,,HistorySS,HSS100,American Studies,1931,,,,,,,,,,2,60,62
,,,,,1932,,,,,,,,,,1,43,44
,,,HSS202,The World in the Twentieth Century,1933,,,,,,,,,,,96,96
,,,,,1934,,,,,,,,,,,46,46
,,,,,1935,,,,,,,,,,4,60,64
,,,HSS325,Modern Economics,1936,,,,,,,,,,,71,71
,,,HSS335,America in the Contemporary World,1937,,,,,,,,,,,74,74
,,,HSS342,History of Biology,1938,,,,,,,,,,,22,22
,,,HSS352,History of Technology and Culture,1939,,,,,,,,,,,43,43
,,,HSS361,US Government and the Constitution,1940,,,,,,,,,,,22,22
,,MathCS,CS100,Computer Science Inquiry,1941,,,,,,,,,,1,33,34
,,,,,1942,,,,,,,,,,,37,37
,,,,,1943,,,,,,,,,,,40,40
,,,CS205,Object Oriented Programming,1944,,,,,,,,,,,33,33
,,,CS305,Advanced Programming,1945,,,,,,,,,,,35,35
,,,CS335,Advanced Web Technologies,1946,,,,,,,,,,,10,10
,,,CS422,CS Seminar: UNIX/Linux and Cybersecurity,1947,,,,,,,,,,,15,15
,,,MAT110,Mathematical Investigations I/II,1948,,,,,,,,,,,19,19
,,,MAT122,Mathematical Investigations II,1949,,,,,,,,,,1,16,17
,,,MAT132,Mathematical Investigations III,1950,,,,,,,,,,,22,22
,,,,,1951,,,,,,,,,,,41,41
,,,,,1952,,,,,,,,,,,38,38
,,,MAT142,Mathematical Investigations IV,1953,,,,,,,,,,1,17,18
,,,,,1954,,,,,,,,,,,17,17
,,,,,1955,,,,,,,,,,,31,31
,,,MAT222,AB Calculus II,1956,,,,,,,,,,,36,36
,,,MAT312,BC Calculus I,1957,,,,,,,,,,,34,34
,,,,,1958,,,,,,,,,,2,26,28
,,,,,1959,,,,,,,,,,,23,23
,,,MAT322,BC Calculus II,1960,,,,,,,,,,1,19,20
,,,,,1961,,,,,,,,,,,30,30
,,,MAT332,BC Calculus III,1962,,,,,,,,,,,18,18
,,,,,1963,,,,,,,,,,,36,36
,,,,,1964,,,,,,,,,,1,39,40
,,,MAT362,BC Calculus I/II,1965,,,,,,,,,,,24,24
,,,MAT412,Statistical Experimentation & Inference,1966,,,,,,,,,,,35,35
,,,MAT435,Discrete Mathematics,1967,,,,,,,,,,2,38,40
,,,MAT442,Multi-Variable Calculus,1968,,,,,,,,,,,43,43
,,,MAT445,Theory of Analysis,1969,,,,,,,,,,,12,12
,,,MAT452,Differential Equations,1970,,,,,,,,,,,46,46
,,,MAT802,Advanced Topics in Mathematics,1971,,,,,,,,,,,12,12
,,Science,SCI105,Scientific Inquiries - Chemistry,1972,,,,,,,,,,2,36,38
,,,,,1973,,,,,,,,,,,35,35
,,,,,1974,,,,,,,,,,1,17,18
,,,SCI115,Scientific Inquiries - Physics,1975,,,,,,,,,,,38,38
,,,,,1976,,,,,,,,,,,50,50
,,,SCI125,Scientific Inquiries - Biology,1977,,,,,,,,,,,30,30
,,,,,1978,,,,,,,,,,,21,21
,,,,,1979,,,,,,,,,,,14,14
,,,SCI135,Methods in Scientific Inquiry,1980,,,,,,,,,,,16,16
,,,,,1981,,,,,,,,,,3,18,21
,,,,,1982,,,,,,,,,,,17,17
,,,,,1983,,,,,,,,,,,19,19
,,,,,1984,,,,,,,,,,,40,40
,,,SCI202,Advanced Chemistry--Chemical Reactions,1985,,,,,,,,,,,38,38
,,,,,1986,,,,,,,,,,,30,30
,,,,,1987,,,,,,,,,,1,14,15
,,,SCI222,Organic Chemistry II,1988,,,,,,,,,,,17,17
,,,,,1989,,,,,,,,,,,18,18
,,,,,1990,,,,,,,,,,,14,14
,,,SCI235,Biochemistry,1991,,,,,,,,,,,18,18
,,,SCI245,Environmental Chemistry,1992,,,,,,,,,,,40,40
,,,SCI255,Medicinal Chemistry,1993,,,,,,,,,,3,31,34
,,,SCI402,Physics: Sound and Light,1994,,,,,,,,,,,39,39
,,,SCI412,Physics: Calculus-based Elec & Magnetism,1995,,,,,,,,,,,13,13
,,,,,1996,,,,,,,,,,,37,37
,,,SCI425,Planetary Science,1997,,,,,,,,,,,20,20
,,,SCI445,Modern Physics,1998,,,,,,,,,,,18,18
,,,SCI455,Engineering,1999,,,,,,,,,,,35,35
,,,SCI465,Biophysics,2000,,,,,,,,,,,32,32
,,,SCI505,Computational Science,2001,,,,,,,,,,,32,32
,,,SCI600,Advanced Biological Systems,2002,,,,,,,,,,,20,20
,,,,,2003,,,,,,,,,,,11,11
,,,,,2004,,,,,,,,,,,18,18
,,,,,2005,,,,,,,,,,1,31,32
,,,,,2006,,,,,,,,,,1,18,19
,,,SCI616,Cancer Biology,2007,,,,,,,,,,,18,18
,,,SCI625,Microbes and Disease,2008,,,,,,,,,,,17,17
,,,SCI636,Pathophysiology,2009,,,,,,,,,,,15,15
,,,SCI645,Biology of Behavior,2010,,,,,,,,,,1,19,20
,,,,,2011,,,,,,,,,,,19,19
,,Wellness,WEL105,Moving and Learning,2012,,,,,,,,,,,52,52
,,,,,2013,,,,,,,,,,1,54,55
,,,WEL205,Net and Wall Games,2014,,,,,,,,,,,33,33
,,,WEL231,Outdoor and Indoor Games,2015,,,,,,,,,,,28,28
,,,WEL312,Dance,2016,,,,,,,,,,,18,18
,,,WEL525,Movement and Relaxation,2017,,,,,,,,,,,25,25
,,WldLang,WLG110,French I,2018,,,,,,,,,,,36,36
,,,WLG120,French II,2019,,,,,,,,,,,42,42
,,,WLG130,French III,2020,,,,,,,,,,,44,44
,,,WLG140,French IV,2021,,,,,,,,,,,14,14
,,,WLG220,Spanish II,2022,,,,,,,,,,,18,18
,,,WLG230,Spanish III,2023,,,,,,,,,,,53,53
,,,WLG240,Spanish IV,2024,,,,,,,,,,,54,54
,,,WLG250,Spanish V,2025,,,,,,,,,,,24,24
,,,WLG310,German I,2026,,,,,,,,,,,23,23
,,,WLG320,German II,2027,,,,,,,,,,,29,29
,,,WLG330,German III,2028,,,,,,,,,,,22,22
,,,WLG510,Russian I,2029,,,,,,,,,,,21,21
,,,WLG520,Russian II,2030,,,,,,,,,,,28,28
,,,WLG530,Russian III,2031,,,,,,,,,,,23,23
,,,WLG610,Mandarin Chinese I,2032,,,,,,,,,,,50,50
,,,WLG620,Mandarin Chinese II,2033,,,,,,,,,,,20,20
,,,,,2034,,,,,,,,,,,44,44
,,,WLG630,Mandarin Chinese III,2035,,,,,,,,,,,40,40